{"cameraMode":{"drawMode":0,"name":"Shaded","section":"Shading Mode"},"sceneLighting":true,"audioPlay":false,"sceneViewState":{"showFog":true,"showMaterialUpdate":false,"showSkybox":true,"showFlares":true,"showImageEffects":true,"showParticleSystems":true},"in2DMode":false,"pivot":{"x":498.03460693359377,"y":273.5472717285156,"z":-48.83355712890625},"rotation":{"x":-0.14983303844928742,"y":-0.13392671942710877,"z":0.020489370450377466,"w":-0.979387640953064},"size":153.9462890625,"orthographic":false}