{"cameraMode":{"drawMode":0,"name":"Shaded","section":"Shading Mode"},"sceneLighting":false,"audioPlay":false,"sceneViewState":{"showFog":true,"showMaterialUpdate":false,"showSkybox":false,"showFlares":true,"showImageEffects":true,"showParticleSystems":true},"in2DMode":false,"pivot":{"x":-0.1883595734834671,"y":0.4540433883666992,"z":-0.8206096291542053},"rotation":{"x":0.08329084515571594,"y":0.017937039956450464,"z":-0.0015070552472025157,"w":0.9963842630386353},"size":2.047732353210449,"orthographic":true}